pdb_id,chains,split
1A99,D,test
1AUI,A,test
1BO6,A,test
1BOU,B,test
1BPL,B,test
1C7N,D,test
1CS0,B,test
1DM5,F,test
1DOS,B,test
1EFV,A,test
1EHI,A,test
1EV7,A,test
1EWY,A,test
1EZ1,B,test
1F06,A,test
1F6M,A,test
1FFV,C,test
1FR8,A,test
1FT8,C,test
1FZW,B,test
1GP2,BG,test
1GX7,A,test
1H6D,A,test
1HF2,C,test
1I2M,B,test
1IUG,A,test
1IXS,B,test
1IZ1,B,test
1J0E,B,test
1JG8,D,test
1JR3,D,test
1JTD,B,test
1K3R,B,test
1KIZ,B,test
1KYQ,B,test
1LEH,B,test
1M1T,B,test
1M32,D,test
1MB2,F,test
1NCA,N,test
1ND6,B,test
1O4U,B,test
1O57,D,test
1O61,A,test
1OJ7,D,test
1OMZ,B,test
1ONW,B,test
1P6X,A,test
1P9E,A,test
1PK8,A,test
1POI,A,test
1R0K,D,test
1R8J,A,test
1RQD,A,test
1RYI,C,test
1SOJ,J,test
1ST0,A,test
1SUW,D,test
1SXJ,D,test
1SXJ,E,test
1SZ2,B,test
1T8U,B,test
1TO6,A,test
1U0R,C,test
1U2V,C,test
1U6S,A,test
1UL1,X,test
1V7C,A,test
1VHK,C,test
1W1W,B,test
1W23,A,test
1WDW,H,test
1WKH,B,test
1WKV,B,test
1WPP,B,test
1WX1,B,test
1X7O,A,test
1X9J,G,test
1XF9,A,test
1XG2,A,test
1XI8,A,test
1XQS,A,test
1XXI,C,test
1XXI,E,test
1Y56,B,test
1Y8Q,A,test
1YKJ,A,test
1Z85,B,test
1ZCT,B,test
1ZH8,A,test
1ZHH,A,test
1ZXO,C,test
2AF4,C,test
2AUN,A,test
2AW6,A,test
2AYO,A,test
2B3Z,D,test
2BP7,B,test
2BWN,E,test
2C0L,A,test
2CDB,A,test
2CE8,A,test
2CH5,A,test
2CVO,B,test
2DG0,E,test
2E2P,A,test
2E5F,A,test
2E7J,B,test
2E89,A,test
2EG5,E,test
2EJW,A,test
2EP5,B,test
2F4M,A,test
2F4N,C,test
2FV2,C,test
2GSZ,F,test
2GVQ,C,test
2GZA,A,test
2HYX,C,test
2HZG,A,test
2HZK,D,test
2I3T,A,test
2I7N,B,test
2IJZ,G,test
2IP2,B,test
2J0Q,B,test
2J5T,G,test
2J6X,G,test
2MTA,HL,test
2NQL,A,test
2OBN,D,test
2OGJ,E,test
2OIZ,B,test
2OOR,AB,test
2OZK,B,test
2PBI,B,test
2PMS,A,test
2PP1,A,test
2PVP,A,test
2Q0J,A,test
2QDH,A,test
2QFC,A,test
2QGI,A,test
2QXV,A,test
2QYO,A,test
2R87,A,test
2R8Q,B,test
2UX8,C,test
2V3B,A,test
2V7X,C,test
2V9P,G,test
2V9T,B,test
2VCG,D,test
2VHI,C,test
2VHW,A,test
2VN8,A,test
2VUN,C,test
2WPX,B,test
2WUS,A,test
2WVM,A,test
2WYR,G,test
2X0D,A,test
2X2E,D,test
2X5D,D,test
2X65,B,test
2XT2,A,test
2XWT,C,test
2Y0M,A,test
2Y5B,A,test
2YCH,A,test
2Z4R,B,test
2Z50,A,test
2Z71,C,test
2Z9V,B,test
2ZBK,A,test
2ZIU,A,test
2ZIU,B,test
2ZUC,B,test
2ZZX,A,test
3AB1,B,test
3AEO,C,test
3AFO,A,test
3AP2,A,test
3AUY,A,test
3B5U,J,test
3BH6,B,test
3BM5,A,test
3BP8,AB,test
3BT1,U,test
3BTV,B,test
3BV6,D,test
3BWO,D,test
3C0B,C,test
3C0K,B,test
3C3J,F,test
3C48,A,test
3CE9,A,test
3CEA,B,test
3CQ6,A,test
3CYJ,B,test
3D6K,B,test
3DDM,B,test
3DHW,D,test
3DP7,A,test
3DUG,C,test
3DZ2,A,test
3DZC,B,test
3E18,A,test
3E38,B,test
3E5P,C,test
3E9M,A,test
3EIQ,C,test
3EPW,B,test
3ES8,H,test
3EUA,H,test
3EZ6,B,test
3EZY,A,test
3FGT,B,test
3FHC,A,test
3FZ0,B,test
3G0I,A,test
3G8Q,C,test
3G8R,A,test
3GJZ,A,test
3GL1,A,test
3GZT,O,test
3H6G,B,test
3H77,B,test
3H8L,B,test
3H9G,A,test
3HE3,F,test
3HGU,A,test
3HLI,A,test
3HMK,B,test
3HPV,B,test
3HWS,D,test
3HXJ,A,test
3IAU,A,test
3IF8,A,test
3IGF,B,test
3IO1,A,test
3ISL,B,test
3IX1,B,test
3JSK,G,test
3JTX,A,test
3K5H,A,test
3KKI,A,test
3KL5,B,test
3KL9,J,test
3L31,A,test
3L9W,B,test
3LED,A,test
3LEE,A,test
3LJQ,C,test
3LKU,E,test
3LMA,C,test
3LOU,C,test
3LVK,AC,test
3M2T,A,test
3MCA,B,test
3MCZ,A,test
3MEN,B,test
3MGC,A,test
3MKR,A,test
3MMY,G,test
3MWE,B,test
3MZK,D,test
3N29,A,test
3N3D,A,test
3NND,C,test
3NTQ,A,test
3NVN,A,test
3NVV,B,test
3O3M,D,test
3O3P,A,test
3O5T,A,test
3OBK,F,test
3OM1,A,test
3ON5,A,test
3OOQ,H,test
3OQB,D,test
3OV3,B,test
3P6K,B,test
3P72,A,test
3P9I,C,test
3PG9,H,test
3PGA,1,test
3PND,D,test
3PNK,B,test
3PUZ,B,test
3PWS,A,test
3QBX,B,test
3QE9,Y,test
3QKW,C,test
3QML,D,test
3QW2,B,test
3R0Q,A,test
3R1X,A,test
3R5X,D,test
3R9A,AC,test
3RAM,D,test
3RCY,C,test
3RF6,B,test
3RFH,A,test
3RHF,B,test
3RMR,A,test
3RT0,A,test
3S5U,E,test
3SF5,D,test
3SJA,I,test
3SN6,A,test
3SSO,B,test
3SYL,A,test
3SZP,A,test
3T5P,A,test
3T8E,A,test
3THO,A,test
3THO,B,test
3TII,B,test
3TK1,B,test
3TQC,B,test
3TWO,B,test
3U5Z,B,test
3UGV,C,test
3UI2,A,test
3UK7,A,test
3UVN,C,test
3V5N,C,test
3VGK,E,test
3VH0,D,test
3VH3,A,test
3VV2,A,test
3VYR,B,test
3WN7,A,test
3ZWL,B,test
4BKX,B,test
4C9B,B,test
4DVG,B,test
4ETP,A,test
4ETP,B,test
4FZV,A,test
4HDO,A,test
4LVN,A,test
4M0W,A,test
4V0O,F,test
4X33,B,test
4XL5,C,test
4Y61,B,test
4YC7,B,test
4YEB,A,test
4ZGY,A,test
4ZRJ,A,test
5BV7,A,test
5CXB,B,test
5J57,A,test
5TIH,A,test
5XIM,A,test
7MDH,B,test
4JLR,S,test
1A0G,B,train
1A0H,D,train
1A22,A,train
1A2K,AB,train
1A6J,B,train
1A79,C,train
1AA7,A,train
1ACB,I,train
1AIH,D,train
1ARZ,C,train
1AVA,C,train
1AVO,K,train
1AVO,L,train
1AY7,A,train
1AZS,AB,train
1B0N,A,train
1B27,A,train
1B27,D,train
1B35,B,train
1B35,C,train
1B4U,C,train
1B65,D,train
1B6C,B,train
1B9L,D,train
1B9M,A,train
1B9Y,C,train
1BBH,A,train
1BC5,A,train
1BCP,H,train
1BCP,L,train
1BCR,A,train
1BCR,B,train
1BDF,D,train
1BIH,A,train
1BJA,A,train
1BO4,A,train
1BPL,A,train
1BVN,T,train
1BVP,2,train
1C3X,A,train
1C8N,C,train
1C8O,A,train
1C8U,B,train
1CGI,I,train
1CLI,A,train
1CMV,B,train
1CN4,B,train
1CQ3,B,train
1CQI,B,train
1D2Z,A,train
1D2Z,B,train
1D8H,A,train
1D9E,B,train
1DB2,A,train
1DBQ,B,train
1DBW,B,train
1DHK,B,train
1DJ8,B,train
1DK4,A,train
1DLE,A,train
1DLT,A,train
1DM9,B,train
1DML,A,train
1DNW,B,train
1DPJ,A,train
1DQN,A,train
1DS8,L,train
1DXX,C,train
1E3U,A,train
1E44,A,train
1E4K,C,train
1E6E,B,train
1E96,B,train
1EAI,C,train
1EBO,F,train
1EER,A,train
1EEX,G,train
1EF1,D,train
1EFV,B,train
1EI1,B,train
1EK6,A,train
1EL6,A,train
1EM8,A,train
1EM8,B,train
1EMU,A,train
1ETE,C,train
1EWJ,D,train
1EWY,C,train
1EXB,ABDC,train
1EZI,A,train
1EZU,AB,train
1F15,B,train
1F34,B,train
1F36,A,train
1F37,B,train
1F3M,B,train
1F3M,D,train
1F3R,B,train
1F3U,G,train
1F3U,H,train
1F3V,A,train
1F51,AB,train
1F51,E,train
1F5M,B,train
1F5Z,C,train
1F8Y,B,train
1FAK,HL,train
1FB1,A,train
1FBV,A,train
1FBV,C,train
1FCD,D,train
1FFW,A,train
1FJ1,E,train
1FK8,A,train
1FLC,F,train
1FNE,C,train
1FNE,D,train
1FOD,1,train
1FOD,2,train
1FQ1,A,train
1FS0,E,train
1FS0,G,train
1FSK,A,train
1FU5,A,train
1FYH,A,train
1FYH,B,train
1FZ0,E,train
1G0S,B,train
1G0U,Z,train
1G31,C,train
1G5G,F,train
1G5H,A,train
1G60,A,train
1G64,B,train
1G6W,D,train
1G8K,B,train
1G8Y,G,train
1GCQ,C,train
1GGP,B,train
1GK0,C,train
1GK9,A,train
1GLA,F,train
1GMW,D,train
1GO4,H,train
1GPQ,B,train
1GPW,A,train
1GQA,A,train
1GQG,B,train
1GRC,A,train
1GRI,A,train
1GRN,B,train
1GT7,P,train
1GU9,H,train
1GUQ,A,train
1GUS,C,train
1GVM,F,train
1GX7,D,train
1GXD,C,train
1GXJ,B,train
1GYY,A,train
1GZS,B,train
1H0D,C,train
1H0H,L,train
1H21,C,train
1H2I,P,train
1H2S,A,train
1H2S,B,train
1H2U,Y,train
1H3L,B,train
1H6W,A,train
1H74,A,train
1H9D,A,train
1H9D,B,train
1HAA,A,train
1HCF,AB,train
1HE1,B,train
1HI9,D,train
1HJR,D,train
1HKQ,A,train
1HN2,A,train
1HXM,C,train
1HXM,D,train
1HYR,A,train
1I1A,A,train
1I1D,C,train
1I4D,AB,train
1I4E,A,train
1I50,J,train
1I78,A,train
1I7Q,D,train
1I8L,A,train
1IAH,B,train
1IAR,A,train
1IAR,B,train
1IB1,E,train
1ICF,I,train
1IGU,B,train
1II8,A,train
1II8,B,train
1IJF,B,train
1IJK,BC,train
1IJL,B,train
1IJX,E,train
1IK9,A,train
1INN,A,train
1IQ6,B,train
1IR2,7,train
1IRA,X,train
1IRA,Y,train
1IS7,R,train
1IWA,F,train
1J1D,C,train
1J2U,A,train
1J2W,B,train
1J3K,B,train
1J3L,A,train
1J3R,A,train
1J4U,B,train
1J7D,A,train
1J7V,L,train
1J9I,A,train
1JAY,A,train
1JD6,A,train
1JFM,E,train
1JIW,I,train
1JK9,B,train
1JK9,C,train
1JKG,A,train
1JKG,B,train
1JMA,A,train
1JMA,B,train
1JMT,A,train
1JMV,A,train
1JN9,C,train
1JNB,F,train
1JNP,A,train
1JNZ,B,train
1JPY,Y,train
1JSU,C,train
1JWH,A,train
1JWH,CD,train
1JX7,E,train
1JYI,A,train
1JYO,D,train
1JYO,E,train
1JZD,AB,train
1JZD,C,train
1JZT,A,train
1K0Z,B,train
1K2E,A,train
1K3S,A,train
1K4R,C,train
1K50,B,train
1K5D,AB,train
1K5D,C,train
1K66,B,train
1K74,AB,train
1K74,DE,train
1KBQ,A,train
1KCA,G,train
1KCF,A,train
1KI9,C,train
1KIG,I,train
1KJN,B,train
1KKL,ABC,train
1KKL,H,train
1KM1,A,train
1KNX,E,train
1KNY,A,train
1KTK,B,train
1KTZ,B,train
1KVE,C,train
1KVE,D,train
1KXJ,A,train
1KY6,A,train
1L0A,A,train
1L2W,C,train
1L2W,J,train
1L4Z,B,train
1L5X,B,train
1L8C,B,train
1L8D,A,train
1L8L,A,train
1LBH,A,train
1LFD,C,train
1LHR,B,train
1LI1,D,train
1LJ2,B,train
1LK5,A,train
1LKY,D,train
1LM7,A,train
1LQS,L,train
1LQW,A,train
1LSS,B,train
1LT7,B,train
1LUA,C,train
1LUC,A,train
1LWI,A,train
1LX5,B,train
1LZW,B,train
1M1E,B,train
1M1F,A,train
1M27,AB,train
1M7E,C,train
1M7U,A,train
1MAH,F,train
1MD0,A,train
1MHP,B,train
1MKM,B,train
1MOE,A,train
1MPS,H,train
1MPS,M,train
1MR1,D,train
1MR9,B,train
1MW5,A,train
1MWQ,A,train
1MZW,A,train
1N0E,A,train
1N0L,C,train
1N0L,D,train
1N1C,A,train
1N1E,A,train
1N2M,E,train
1N4M,B,train
1N80,D,train
1N9J,B,train
1N9S,F,train
1NA1,A,train
1NA6,B,train
1NBA,C,train
1NF3,A,train
1NF3,C,train
1NFV,H,train
1NHW,B,train
1NHW,D,train
1NKI,B,train
1NKQ,E,train
1NKV,A,train
1NLN,A,train
1NN4,C,train
1NOV,A,train
1NP3,C,train
1NP6,B,train
1NPO,A,train
1NPP,A,train
1NSN,S,train
1NT2,B,train
1NU9,C,train
1NVI,D,train
1NVI,E,train
1NVM,A,train
1NWW,B,train
1NZ0,A,train
1O1N,A,train
1O28,A,train
1O63,A,train
1O94,C,train
1O94,D,train
1O9I,A,train
1O9Y,D,train
1OA8,A,train
1OB8,B,train
1OCZ,R,train
1OEY,A,train
1OEY,J,train
1OFU,A,train
1OFU,Y,train
1OG6,C,train
1OIA,A,train
1OJH,D,train
1OLP,C,train
1OMO,B,train
1OOQ,A,train
1OPH,A,train
1OQ1,D,train
1OQB,D,train
1OQC,D,train
1OQJ,A,train
1OR6,A,train
1OR7,A,train
1OR7,C,train
1ORQ,C,train
1ORY,A,train
1OSG,F,train
1OSM,C,train
1OTW,A,train
1OW4,A,train
1OX9,D,train
1OY1,A,train
1OY5,C,train
1OYV,I,train
1P27,A,train
1P27,B,train
1P32,A,train
1P3H,H,train
1P4O,B,train
1P4Q,A,train
1P4Q,B,train
1P69,A,train
1P7G,J,train
1P8C,E,train
1P9O,B,train
1PB0,A,train
1PBI,B,train
1PC6,A,train
1PCF,F,train
1PIV,3,train
1PK1,A,train
1PK1,B,train
1PM3,A,train
1PNB,B,train
1POI,D,train
1PQZ,A,train
1PUG,C,train
1PUI,A,train
1PVH,A,train
1PXV,B,train
1PXV,D,train
1PYA,F,train
1PYT,A,train
1PZM,B,train
1PZR,A,train
1Q05,B,train
1Q0K,K,train
1Q23,H,train
1Q2H,A,train
1Q40,C,train
1Q40,D,train
1Q5H,B,train
1Q6I,B,train
1Q74,A,train
1Q7L,C,train
1Q7L,D,train
1Q8M,A,train
1Q9U,B,train
1QA9,A,train
1QA9,B,train
1QAV,B,train
1QB3,A,train
1QCB,H,train
1QD6,D,train
1QE6,D,train
1QEX,B,train
1QFH,B,train
1QG7,B,train
1QHH,A,train
1QHH,B,train
1QIP,D,train
1QJG,E,train
1QL0,A,train
1QOL,G,train
1QQ5,B,train
1QS4,B,train
1QSO,B,train
1QXN,B,train
1QXO,D,train
1QYN,A,train
1R15,E,train
1R1U,A,train
1R30,B,train
1R4A,H,train
1R52,C,train
1R5I,D,train
1R5X,A,train
1R6Q,C,train
1R7H,B,train
1R7I,B,train
1R8O,B,train
1R8S,E,train
1RDF,B,train
1RF8,A,train
1RF8,B,train
1RFZ,A,train
1RHG,A,train
1RHZ,B,train
1RK4,A,train
1RKE,A,train
1RLB,ABCD,train
1RLB,E,train
1RLI,C,train
1RO7,C,train
1RPN,D,train
1RV6,VW,train
1RY7,A,train
1RY7,B,train
1S1Q,A,train
1S28,C,train
1S3N,A,train
1S3Z,A,train
1S4C,B,train
1S4K,A,train
1S59,C,train
1S7M,A,train
1SBB,B,train
1SFK,A,train
1SFX,A,train
1SG2,C,train
1SG4,B,train
1SGJ,A,train
1SHS,E,train
1SHZ,C,train
1SIE,B,train
1SKV,A,train
1SLQ,E,train
1SOT,A,train
1SP8,D,train
1SPB,P,train
1SPI,A,train
1SPP,B,train
1SQ7,B,train
1SQB,D,train
1SQE,B,train
1SQX,I,train
1SR4,A,train
1SS4,A,train
1STM,D,train
1STZ,A,train
1SU1,A,train
1SUS,C,train
1SV0,C,train
1SWJ,B,train
1SY6,A,train
1SYX,A,train
1SYX,B,train
1SZH,A,train
1T0B,C,train
1T0F,A,train
1T0P,B,train
1T0R,C,train
1T1V,A,train
1T33,A,train
1T3L,A,train
1T3U,B,train
1T3W,B,train
1T62,B,train
1T6B,Y,train
1T6S,A,train
1T70,C,train
1T8Q,B,train
1T9G,C,train
1TA3,B,train
1TBA,A,train
1TBX,A,train
1TDQ,A,train
1TDT,A,train
1TE1,A,train
1TE1,B,train
1TE2,A,train
1TH1,C,train
1TH7,H,train
1THN,C,train
1TIJ,A,train
1TJO,A,train
1TKV,B,train
1TLH,B,train
1TLJ,A,train
1TMQ,B,train
1TMX,A,train
1TOA,A,train
1TQ8,D,train
1TU1,B,train
1TUE,Q,train
1TY4,A,train
1TY9,B,train
1U07,A,train
1U0S,A,train
1U20,A,train
1U2E,C,train
1U2V,G,train
1U4F,D,train
1U5U,A,train
1U5W,E,train
1U69,B,train
1U6G,B,train
1U6J,G,train
1U7H,A,train
1U7I,A,train
1U7Z,B,train
1U8S,B,train
1UAD,C,train
1UAN,A,train
1UD0,A,train
1UDI,I,train
1UFO,C,train
1UHE,A,train
1UI5,B,train
1UIJ,A,train
1UJ3,C,train
1UK4,A,train
1UL1,A,train
1ULG,D,train
1UNN,C,train
1UR6,B,train
1USV,B,train
1USY,A,train
1UT4,B,train
1UUN,A,train
1V1H,E,train
1V54,Q,train
1V5X,A,train
1V8D,A,train
1V8H,B,train
1V8P,G,train
1VB5,B,train
1VCB,F,train
1VCH,D,train
1VDD,A,train
1VEA,B,train
1VET,A,train
1VEU,B,train
1VG0,B,train
1VGL,D,train
1VGO,B,train
1VH0,B,train
1VH5,B,train
1VH6,B,train
1VHZ,A,train
1VJL,A,train
1VJQ,A,train
1VKM,B,train
1VMD,A,train
1VP2,A,train
1VR7,A,train
1VR9,A,train
1VRB,B,train
1VS3,A,train
1VSG,A,train
1VSQ,B,train
1VYH,M,train
1VZY,A,train
1W1I,E,train
1W39,C,train
1W3B,A,train
1W3Z,A,train
1W6U,C,train
1W9A,B,train
1W9Z,B,train
1WB4,A,train
1WD6,A,train
1WDJ,A,train
1WDW,A,train
1WDX,C,train
1WDZ,A,train
1WEK,D,train
1WKQ,A,train
1WLI,B,train
1WLP,B,train
1WMI,A,train
1WMI,B,train
1WN1,A,train
1WOQ,B,train
1WOV,A,train
1WP7,A,train
1WPX,B,train
1WQ1,G,train
1WRD,A,train
1WRS,R,train
1WSC,A,train
1WTU,B,train
1WWP,B,train
1WWR,B,train
1WX0,D,train
1WYW,A,train
1WYZ,D,train
1WZ3,B,train
1WZ7,B,train
1X2H,C,train
1X8D,A,train
1X9A,B,train
1XCR,B,train
1XD3,A,train
1XD9,A,train
1XDK,F,train
1XEB,A,train
1XF6,B,train
1XF6,D,train
1XFS,A,train
1XG2,B,train
1XG5,C,train
1XHN,A,train
1XIW,F,train
1XJ7,A,train
1XKP,A,train
1XKP,B,train
1XKP,C,train
1XL3,D,train
1XLY,A,train
1XM3,B,train
1XOU,A,train
1XOU,B,train
1XPJ,A,train
1XQH,A,train
1XR0,B,train
1XSQ,B,train
1XT9,A,train
1XTG,B,train
1XTT,C,train
1XUA,B,train
1XUV,A,train
1XV2,A,train
1XWD,A,train
1XX7,B,train
1XY7,B,train
1XZ8,A,train
1Y0B,D,train
1Y0G,B,train
1Y0H,A,train
1Y0U,A,train
1Y10,A,train
1Y1A,B,train
1Y1O,A,train
1Y23,D,train
1Y2I,E,train
1Y43,B,train
1Y4M,A,train
1Y4Z,C,train
1Y60,D,train
1Y6K,R,train
1Y7R,B,train
1Y82,A,train
1Y8N,A,train
1Y8N,B,train
1Y8T,A,train
1Y96,A,train
1YAF,A,train
1YAU,Q,train
1YAV,B,train
1YC6,E,train
1YCS,B,train
1YD8,H,train
1YDG,E,train
1YEW,I,train
1YEW,J,train
1YF9,B,train
1YJ7,D,train
1YJD,C,train
1YKE,C,train
1YKE,D,train
1YLM,B,train
1YLQ,A,train
1YLX,A,train
1YNJ,K,train
1YNT,G,train
1YOX,C,train
1YQF,F,train
1YRB,B,train
1YUM,D,train
1YV1,B,train
1YWK,A,train
1YYV,A,train
1Z0K,B,train
1Z2X,A,train
1Z3G,A,train
1Z5Y,E,train
1Z69,C,train
1Z6O,B,train
1Z6O,M,train
1Z7M,B,train
1Z7U,A,train
1Z8K,A,train
1Z94,C,train
1ZBX,A,train
1ZC4,D,train
1ZDN,A,train
1ZFN,A,train
1ZHI,B,train
1ZKE,F,train
1ZKP,B,train
1ZM4,B,train
1ZN7,B,train
1ZNP,B,train
1ZOQ,B,train
1ZPQ,D,train
1ZPS,B,train
1ZTX,E,train
1ZUD,4,train
1ZXM,B,train
1ZXZ,A,train
1ZY4,A,train
1ZY7,A,train
2A0S,B,train
2A19,A,train
2A1F,C,train
2A1S,D,train
2A2J,A,train
2A2L,B,train
2A2O,E,train
2A40,E,train
2A4W,B,train
2A5D,B,train
2A5T,B,train
2A5Z,C,train
2A61,C,train
2A67,D,train
2A6A,A,train
2A6P,B,train
2A6Q,F,train
2A78,B,train
2A7K,H,train
2A7U,B,train
2A7W,J,train
2A9S,A,train
2ABZ,E,train
2ACM,A,train
2ADF,A,train
2ADL,A,train
2AE8,E,train
2AF6,B,train
2AFF,A,train
2AHM,B,train
2AHM,F,train
2ANU,A,train
2AO9,A,train
2AP6,B,train
2AQX,A,train
2ARJ,Q,train
2ARK,D,train
2ARP,F,train
2ASS,A,train
2AST,B,train
2AVU,D,train
2AVU,F,train
2AW2,A,train
2AXW,B,train
2AZE,A,train
2AZE,B,train
2B2K,B,train
2B3D,A,train
2B3S,A,train
2B4J,C,train
2B5F,A,train
2B5L,C,train
2B81,B,train
2B8W,B,train
2B99,B,train
2B9Z,B,train
2BA0,B,train
2BAY,E,train
2BE1,A,train
2BEX,D,train
2BGC,F,train
2BGW,A,train
2BM8,H,train
2BOL,A,train
2BQZ,A,train
2BSJ,A,train
2BTF,P,train
2BUJ,A,train
2BYC,A,train
2BYK,A,train
2BYK,B,train
2BZN,H,train
2C0L,B,train
2C1L,A,train
2C1W,B,train
2C2I,A,train
2C2L,D,train
2C2X,A,train
2C35,D,train
2C37,T,train
2C41,H,train
2C57,A,train
2C5J,B,train
2C7M,A,train
2C9P,A,train
2C9T,F,train
2CAY,A,train
2CB2,B,train
2CH8,A,train
2CJR,A,train
2CJS,A,train
2CJS,C,train
2CLB,A,train
2CLY,D,train
2CLY,E,train
2CN4,A,train
2CO5,B,train
2CO6,A,train
2CO6,B,train
2CS7,A,train
2CT9,B,train
2CW6,C,train
2CWO,B,train
2CZV,B,train
2CZV,D,train
2D00,F,train
2D13,B,train
2D1P,G,train
2D2A,A,train
2D42,B,train
2D4C,B,train
2D4U,A,train
2D8D,B,train
2DB4,B,train
2DB7,A,train
2DCN,G,train
2DD4,C,train
2DD5,J,train
2DDK,A,train
2DDM,B,train
2DDZ,B,train
2DE5,E,train
2DI3,A,train
2DJF,A,train
2DLB,B,train
2DM9,B,train
2DOI,X,train
2DPF,D,train
2DPP,B,train
2DSP,B,train
2DT5,B,train
2DUM,C,train
2DUP,A,train
2DVT,A,train
2DWN,C,train
2DX7,B,train
2DXB,H,train
2DYM,G,train
2E0N,B,train
2E1M,A,train
2E1M,B,train
2E1M,C,train
2E2K,C,train
2E4M,A,train
2E4M,C,train
2E6F,A,train
2E7S,G,train
2E85,B,train
2E9D,A,train
2E9X,E,train
2E9X,G,train
2EAY,B,train
2EBY,A,train
2ED6,G,train
2EF7,A,train
2EF8,A,train
2EFD,A,train
2EIL,F,train
2EJ0,B,train
2EJG,B,train
2EJG,D,train
2EJN,A,train
2EK5,A,train
2EKD,C,train
2EKY,B,train
2EQ5,A,train
2ERJ,A,train
2ERJ,G,train
2ERJ,H,train
2ES4,A,train
2ES4,E,train
2ETE,A,train
2EVV,C,train
2EWN,A,train
2F07,A,train
2F08,C,train
2F1V,B,train
2F22,B,train
2F2A,C,train
2F2E,A,train
2F2F,B,train
2F2F,C,train
2F2T,A,train
2F3T,F,train
2F4E,A,train
2F4L,C,train
2F4M,B,train
2F4P,A,train
2F5I,B,train
2F6L,A,train
2F6U,A,train
2F8B,A,train
2F9I,C,train
2F9I,D,train
2F9W,B,train
2F9Z,A,train
2F9Z,C,train
2FBE,C,train
2FBK,B,train
2FDB,M,train
2FDO,A,train
2FEL,F,train
2FEW,A,train
2FEW,B,train
2FG6,E,train
2FG8,D,train
2FHJ,A,train
2FHX,B,train
2FJC,H,train
2FKB,C,train
2FKD,G,train
2FKW,O,train
2FLF,F,train
2FMY,C,train
2FNP,A,train
2FPE,B,train
2FPW,B,train
2FQM,E,train
2FS5,B,train
2FSY,E,train
2FTX,A,train
2FTX,B,train
2FU5,A,train
2FUR,A,train
2FXA,B,train
2FYI,A,train
2FZV,B,train
2G2U,A,train
2G2U,B,train
2G38,C,train
2G38,D,train
2G3K,D,train
2G3O,C,train
2G42,A,train
2G45,A,train
2G5C,B,train
2G76,A,train
2G77,A,train
2G84,A,train
2G9W,B,train
2GA0,C,train
2GAF,A,train
2GAN,A,train
2GEC,B,train
2GED,A,train
2GEF,B,train
2GHW,C,train
2GIA,B,train
2GIA,G,train
2GJ3,B,train
2GJV,D,train
2GL0,B,train
2GLZ,A,train
2GM3,D,train
2GMY,B,train
2GN8,B,train
2GO7,A,train
2GQS,B,train
2GS9,A,train
2GSV,B,train
2GT2,A,train
2GTY,B,train
2GUH,A,train
2GUZ,I,train
2GUZ,J,train
2GV5,C,train
2GXF,A,train
2GYQ,A,train
2GZ4,A,train
2H19,A,train
2H1T,A,train
2H3H,A,train
2H4O,B,train
2H5N,A,train
2H6B,A,train
2H6L,C,train
2H7V,C,train
2H9B,B,train
2H9E,C,train
2H9G,R,train
2HA9,B,train
2HAY,D,train
2HBV,A,train
2HCR,B,train
2HD0,I,train
2HDW,A,train
2HEG,A,train
2HEK,A,train
2HET,A,train
2HEY,G,train
2HFJ,A,train
2HIN,A,train
2HJ1,B,train
2HJ9,C,train
2HL3,A,train
2HLE,A,train
2HLZ,D,train
2HQL,A,train
2HRK,A,train
2HRK,B,train
2HRV,A,train
2HSN,A,train
2HTB,D,train
2HTH,B,train
2HU2,A,train
2HVW,B,train
2HWJ,A,train
2HWW,A,train
2HXI,B,train
2HXO,B,train
2HZB,A,train
2HZM,G,train
2HZS,F,train
2I04,A,train
2I0B,B,train
2I10,B,train
2I14,C,train
2I15,A,train
2I1A,D,train
2I2O,A,train
2I2R,D,train
2I33,A,train
2I5B,A,train
2I5G,A,train
2I79,B,train
2I7R,B,train
2I8D,A,train
2I9F,D,train
2I9L,L,train
2IA2,A,train
2IA9,B,train
2IAB,A,train
2IAZ,B,train
2IBD,A,train
2IBG,B,train
2IDE,C,train
2IDO,A,train
2IDO,B,train
2IGA,A,train
2IHS,A,train
2IHW,A,train
2IJ0,B,train
2IMH,A,train
2INP,C,train
2INU,C,train
2IOU,D,train
2IPH,A,train
2ISJ,C,train
2IU9,A,train
2IUO,I,train
2IV9,A,train
2IW5,B,train
2IWP,B,train
2IX2,B,train
2IY1,A,train
2IYB,A,train
2IZ5,B,train
2IZZ,B,train
2J0Q,I,train
2J28,Q,train
2J28,R,train
2J4E,F,train
2J4L,F,train
2J59,M,train
2J6R,A,train
2J6Y,A,train
2J7P,A,train
2J7P,D,train
2J7Q,C,train
2J88,A,train
2JAQ,A,train
2JCD,A,train
2JG8,D,train
2JGZ,B,train
2JI1,D,train
2JJ7,B,train
2JJS,B,train
2JKI,S,train
2JL4,B,train
2JLM,D,train
2JOD,A,train
2JW1,A,train
2JZ0,A,train
2K2S,A,train
2K2S,B,train
2K42,A,train
2K7I,B,train
2K7L,A,train
2KA4,B,train
2KHM,B,train
2KLH,B,train
2KSP,A,train
2L0I,A,train
2L0T,B,train
2L14,A,train
2L1C,A,train
2L9S,B,train
2LAG,A,train
2LAG,B,train
2LBU,D,train
2LD7,A,train
2LD7,B,train
2LFH,B,train
2LFS,A,train
2LFW,A,train
2LFW,B,train
2LKM,B,train
2LOX,A,train
2LP4,A,train
2LPB,A,train
2LQH,B,train
2LUH,A,train
2LUH,B,train
2LVO,C,train
2LXM,A,train
2LY4,A,train
2M0G,A,train
2M5B,A,train
2MEV,1,train
2MJ5,B,train
2MP0,A,train
2MTA,A,train
2MV7,A,train
2MWS,B,train
2N01,B,train
2N1D,A,train
2N2H,B,train
2N73,A,train
2N73,B,train
2NBV,A,train
2NBV,B,train
2NN3,D,train
2NNN,B,train
2NNW,B,train
2NP5,B,train
2NR5,C,train
2NUD,B,train
2NUU,L,train
2NUX,B,train
2NV2,V,train
2NV4,A,train
2NVM,B,train
2NX4,A,train
2NXM,B,train
2NXN,B,train
2NYI,A,train
2NYX,D,train
2NYZ,AB,train
2NZ7,B,train
2O0Y,C,train
2O20,B,train
2O38,B,train
2O3A,B,train
2O3B,A,train
2O3B,B,train
2O42,A,train
2O4M,B,train
2O74,F,train
2O8G,J,train
2O8Q,B,train
2O8V,A,train
2O95,A,train
2O9A,C,train
2OB9,A,train
2OCF,A,train
2OD6,A,train
2ODM,B,train
2OFY,A,train
2OGF,D,train
2OGX,B,train
2OH1,D,train
2OIE,C,train
2OKF,A,train
2OKI,A,train
2OKQ,A,train
2OKU,A,train
2OL5,B,train
2OMX,B,train
2OND,A,train
2OOJ,B,train
2OOR,C,train
2OPD,B,train
2OPI,B,train
2OQ2,B,train
2OQM,A,train
2OR0,B,train
2OS5,D,train
2OS9,B,train
2OSZ,C,train
2OT3,A,train
2OTP,B,train
2OTX,A,train
2OU5,B,train
2OUL,A,train
2OUW,B,train
2OV9,C,train
2OVI,A,train
2OX7,A,train
2OYA,A,train
2OYY,A,train
2OZ4,A,train
2OZA,A,train
2OZN,A,train
2OZN,B,train
2P04,A,train
2P06,B,train
2P0S,A,train
2P10,B,train
2P1J,B,train
2P22,A,train
2P22,C,train
2P2C,L,train
2P35,A,train
2P4W,B,train
2P4Z,B,train
2P5R,A,train
2P5X,A,train
2P62,A,train
2P6I,B,train
2P8I,A,train
2P9L,D,train
2P9L,F,train
2PC6,C,train
2PCC,A,train
2PCC,B,train
2PD1,D,train
2PDO,D,train
2PF4,E,train
2PG1,G,train
2PG4,A,train
2PGC,D,train
2PHD,A,train
2PHN,B,train
2PIF,B,train
2PIH,B,train
2PJS,A,train
2PJU,D,train
2PJW,H,train
2PJW,V,train
2PLA,A,train
2PLG,A,train
2PLR,A,train
2PM7,C,train
2PMS,C,train
2PMV,A,train
2PNH,A,train
2PO2,B,train
2PPY,F,train
2PQA,A,train
2PQA,B,train
2PQN,A,train
2PQV,B,train
2PRO,B,train
2PRU,B,train
2PTF,B,train
2PTT,A,train
2PTT,B,train
2PUK,E,train
2PUL,A,train
2PV2,C,train
2PV7,B,train
2PZD,B,train
2PZH,A,train
2PZK,A,train
2Q03,A,train
2Q05,A,train
2Q0O,B,train
2Q0O,C,train
2Q0T,A,train
2Q0X,A,train
2Q17,B,train
2Q3F,A,train
2Q5E,E,train
2Q73,A,train
2Q7F,B,train
2Q7N,B,train
2Q81,A,train
2Q87,C,train
2Q97,T,train
2QA7,C,train
2QAZ,C,train
2QBW,A,train
2QD0,B,train
2QE9,A,train
2QFA,A,train
2QFA,B,train
2QGQ,G,train
2QGX,C,train
2QH1,B,train
2QH9,A,train
2QIW,A,train
2QIY,B,train
2QJA,D,train
2QJV,B,train
2QJW,A,train
2QKM,E,train
2QKM,F,train
2QKO,B,train
2QKP,A,train
2QL2,A,train
2QL2,B,train
2QL3,J,train
2QLC,C,train
2QLP,A,train
2QLZ,B,train
2QNF,A,train
2QNU,B,train
2QQ1,A,train
2QQZ,A,train
2QRD,B,train
2QRD,G,train
2QRE,A,train
2QTQ,A,train
2QV0,B,train
2QV6,A,train
2QW7,H,train
2QYI,D,train
2QYP,B,train
2R19,B,train
2R1F,B,train
2R25,A,train
2R2C,A,train
2R47,B,train
2R4I,A,train
2R56,A,train
2R5O,A,train
2R6A,C,train
2R6O,A,train
2R6U,D,train
2R78,C,train
2R9E,A,train
2RA6,C,train
2RAF,B,train
2RAS,B,train
2RB9,D,train
2RBB,A,train
2RBD,A,train
2RCC,A,train
2RD7,A,train
2RD7,C,train
2RD9,A,train
2RDC,B,train
2RDM,C,train
2RG7,B,train
2RGN,B,train
2RH0,A,train
2RHK,C,train
2RHS,C,train
2RJZ,A,train
2RK0,A,train
2RK9,B,train
2RL7,D,train
2RP4,C,train
2RVB,B,train
2SPC,A,train
2UTG,B,train
2UUY,B,train
2UV1,B,train
2UVP,B,train
2UX9,F,train
2UZ3,C,train
2UZC,A,train
2V0O,A,train
2V0R,A,train
2V0X,B,train
2V3B,B,train
2V4I,G,train
2V4I,H,train
2V57,B,train
2V5H,D,train
2V5Q,A,train
2V6B,C,train
2V8S,V,train
2V8U,B,train
2V92,B,train
2VAX,G,train
2VDB,B,train
2VDW,E,train
2VDW,F,train
2VE6,A,train
2VE7,B,train
2VE7,D,train
2VEE,A,train
2VEF,A,train
2VER,A,train
2VFX,C,train
2VGL,S,train
2VIF,A,train
2VJF,C,train
2VKO,A,train
2VLG,D,train
2VLQ,B,train
2VMB,A,train
2VOH,A,train
2VPV,A,train
2VQA,A,train
2VRC,B,train
2VRN,B,train
2VSG,A,train
2VT3,B,train
2VUB,A,train
2VUC,B,train
2VVX,A,train
2VX8,B,train
2VXB,A,train
2VXQ,A,train
2VZD,A,train
2W01,A,train
2W0C,C,train
2W1T,A,train
2W2B,B,train
2W2U,B,train
2W2W,A,train
2W4L,E,train
2W4S,C,train
2W69,A,train
2W6H,G,train
2W6H,H,train
2W80,D,train
2W84,A,train
2W8B,H,train
2W8M,B,train
2W9S,D,train
2WAM,A,train
2WB1,S,train
2WBT,A,train
2WD5,A,train
2WD5,B,train
2WFF,1,train
2WFF,3,train
2WFL,A,train
2WG3,A,train
2WG5,B,train
2WH6,A,train
2WIU,D,train
2WIV,B,train
2WJ0,A,train
2WJ8,D,train
2WJV,D,train
2WKW,A,train
2WL8,A,train
2WLG,C,train
2WMM,A,train
2WO3,B,train
2WQ4,A,train
2WQZ,D,train
2WSU,B,train
2WTE,A,train
2WTH,B,train
2WUK,A,train
2WUS,R,train
2WVE,B,train
2WWB,B,train
2WWK,O,train
2WWK,T,train
2WY3,B,train
2WY8,Q,train
2WYE,A,train
2WZP,B,train
2X0G,A,train
2X17,L,train
2X1X,E,train
2X1X,R,train
2X36,C,train
2X3B,A,train
2X3F,B,train
2X3Y,E,train
2X4I,A,train
2X53,W,train
2X5H,D,train
2X5Q,A,train
2X6T,B,train
2X7X,A,train
2X8K,B,train
2X9A,A,train
2X9A,D,train
2X9Q,A,train
2XCM,F,train
2XED,A,train
2XFG,B,train
2XFV,A,train
2XGF,C,train
2XGY,A,train
2XIU,A,train
2XPP,A,train
2XQN,T,train
2XRA,A,train
2XRN,B,train
2XSC,E,train
2XSN,B,train
2XSO,H,train
2XTS,C,train
2XUM,A,train
2XVC,A,train
2XVT,F,train
2XWG,B,train
2XWQ,C,train
2XWX,A,train
2XYK,B,train
2XYR,A,train
2XYR,B,train
2XZ9,A,train
2XZE,B,train
2Y1H,B,train
2Y32,B,train
2Y3D,A,train
2Y3M,B,train
2Y79,A,train
2Y7R,G,train
2Y8Q,A,train
2Y8T,D,train
2Y96,A,train
2Y9M,B,train
2Y9X,B,train
2Y9X,F,train
2YC2,A,train
2YC2,D,train
2YF3,D,train
2YGD,D,train
2YGG,A,train
2YH9,C,train
2YIL,C,train
2YJE,M,train
2YJN,B,train
2YLE,A,train
2YM9,C,train
2YVE,A,train
2YVL,B,train
2YVS,B,train
2YWM,A,train
2YXO,B,train
2YY7,A,train
2YYS,A,train
2YYV,B,train
2YZE,C,train
2YZJ,A,train
2YZR,B,train
2YZS,B,train
2Z0E,A,train
2Z0L,H,train
2Z0P,D,train
2Z0T,C,train
2Z29,A,train
2Z2L,A,train
2Z2L,B,train
2Z2M,C,train
2Z2R,A,train
2Z2S,A,train
2Z2S,B,train
2Z3F,E,train
2Z3J,A,train
2Z3N,B,train
2Z3Q,B,train
2Z3R,G,train
2Z58,B,train
2Z5C,D,train
2Z5C,E,train
2Z6E,D,train
2Z6J,B,train
2Z7E,A,train
2Z8I,C,train
2Z8I,D,train
2Z8M,B,train
2Z9O,A,train
2ZAE,C,train
2ZAE,D,train
2ZB9,A,train
2ZBC,F,train
2ZC6,D,train
2ZCN,A,train
2ZEJ,B,train
2ZET,C,train
2ZF3,A,train
2ZFD,A,train
2ZFD,B,train
2ZFW,E,train
2ZG6,B,train
2ZGI,D,train
2ZIH,A,train
2ZJD,C,train
2ZME,A,train
2ZME,B,train
2ZME,C,train
2ZMV,B,train
2ZNJ,B,train
2ZNZ,B,train
2ZQK,M,train
2ZRT,C,train
2ZSI,A,train
2ZSI,B,train
2ZSU,A,train
2ZUQ,A,train
2ZV3,B,train
2ZVY,A,train
2ZW3,E,train
2ZXW,U,train
2ZXX,E,train
2ZXX,F,train
2ZYZ,A,train
2ZYZ,B,train
3A17,F,train
3A1M,E,train
3A1P,C,train
3A1P,D,train
3A1Y,C,train
3A1Y,G,train
3A2N,F,train
3A2W,J,train
3A4S,D,train
3A5I,A,train
3A6M,A,train
3A7O,D,train
3A8I,A,train
3A98,C,train
3A98,D,train
3AAA,AB,train
3AAA,C,train
3AAD,A,train
3AB0,A,train
3ABD,B,train
3ABK,C,train
3ABK,W,train
3AD8,D,train
3AE8,B,train
3AE8,C,train
3AEH,B,train
3AFK,A,train
3AFQ,D,train
3AG3,G,train
3AGF,A,train
3AGY,B,train
3AHS,A,train
3AJ1,C,train
3AJB,A,train
3AJF,A,train
3AJY,A,train
3AL3,A,train
3ALP,B,train
3ALZ,B,train
3ANS,B,train
3AO0,B,train
3AON,A,train
3AON,B,train
3APY,A,train
3AQJ,R,train
3AQQ,B,train
3ASO,B,train
3ASO,I,train
3AXG,H,train
3AXJ,A,train
3AXJ,B,train
3AXY,B,train
3AXY,D,train
3AYH,A,train
3AYH,B,train
3AYZ,B,train
3B01,A,train
3B08,B,train
3B1B,B,train
3B42,B,train
3B48,B,train
3B4Y,A,train
3B5K,B,train
3B6A,A,train
3B6P,D,train
3B83,G,train
3B8I,F,train
3B9I,B,train
3B9K,F,train
3BA3,B,train
3BAL,B,train
3BAR,A,train
3BB9,C,train
3BCW,B,train
3BDB,B,train
3BE6,A,train
3BEG,A,train
3BEG,B,train
3BEY,D,train
3BFW,C,train
3BG2,B,train
3BH3,B,train
3BHD,A,train
3BHQ,A,train
3BJ6,A,train
3BJB,B,train
3BJD,B,train
3BK3,C,train
3BL4,A,train
3BL5,C,train
3BLH,B,train
3BM2,B,train
3BN3,B,train
3BNV,E,train
3BNW,A,train
3BP8,D,train
3BPD,F,train
3BPJ,B,train
3BPQ,B,train
3BPZ,B,train
3BQA,B,train
3BQB,X,train
3BRC,B,train
3BRJ,D,train
3BRT,D,train
3BRW,B,train
3BS5,A,train
3BS5,B,train
3BT3,B,train
3BTI,A,train
3BTP,A,train
3BU2,C,train
3BUA,D,train
3BWG,B,train
3BWL,D,train
3BWU,D,train
3BWV,B,train
3BX7,C,train
3BXJ,B,train
3BYW,F,train
3BZO,B,train
3C18,A,train
3C1D,B,train
3C1L,F,train
3C24,A,train
3C3W,A,train
3C5O,B,train
3C5W,P,train
3C5Y,J,train
3C6M,C,train
3C85,A,train
3C8I,B,train
3C9A,B,train
3C9G,A,train
3CAE,G,train
3CAZ,B,train
3CBX,A,train
3CEW,D,train
3CF4,G,train
3CFI,A,train
3CFI,B,train
3CG0,A,train
3CG8,B,train
3CGY,A,train
3CI0,J,train
3CI0,K,train
3CI6,B,train
3CIT,A,train
3CJD,A,train
3CJH,F,train
3CJH,I,train
3CJI,C,train
3CJL,A,train
3CJX,H,train
3CKD,C,train
3CKY,A,train
3CMB,D,train
3CNH,A,train
3CNY,B,train
3CO2,D,train
3CQ9,C,train
3CQC,A,train
3CQC,B,train
3CQZ,C,train
3CRC,A,train
3CSW,C,train
3CSY,M,train
3CT6,A,train
3CTM,D,train
3CUE,O,train
3CVJ,A,train
3CW2,M,train
3CX5,E,train
3CYQ,F,train
3D03,C,train
3D0F,A,train
3D0T,D,train
3D0W,A,train
3D12,B,train
3D1E,A,train
3D1L,B,train
3D1M,D,train
3D36,B,train
3D3K,A,train
3D3N,B,train
3D4I,D,train
3D4R,A,train
3D54,D,train
3D5N,H,train
3D5S,C,train
3D6R,B,train
3D72,B,train
3D7J,E,train
3D87,A,train
3D87,B,train
3D8A,G,train
3D8U,B,train
3D9R,C,train
3D9X,C,train
3DAL,A,train
3DAW,B,train
3DB0,B,train
3DBI,A,train
3DBO,B,train
3DCA,C,train
3DCL,A,train
3DDC,B,train
3DDH,A,train
3DDV,B,train
3DFE,A,train
3DFZ,B,train
3DGC,L,train
3DGC,R,train
3DGE,B,train
3DGP,A,train
3DGP,B,train
3DH7,C,train
3DI2,B,train
3DI3,A,train
3DI4,A,train
3DKB,D,train
3DKU,A,train
3DKW,I,train
3DL2,A,train
3DMC,B,train
3DN7,B,train
3DNH,A,train
3DNM,A,train
3DO8,A,train
3DOF,A,train
3DOF,B,train
3DP3,B,train
3DPI,A,train
3DPO,B,train
3DPY,A,train
3DRX,C,train
3DSB,B,train
3DSN,B,train
3DTN,A,train
3DTO,C,train
3DTP,F,train
3DTT,B,train
3DUK,B,train
3DVP,B,train
3DWG,C,train
3DXB,G,train
3DXD,A,train
3DZ2,B,train
3DZA,D,train
3DZM,A,train
3E05,B,train
3E08,D,train
3E0J,D,train
3E17,A,train
3E19,A,train
3E1Z,A,train
3E48,B,train
3E4C,A,train
3E6M,D,train
3E7L,A,train
3E96,B,train
3E98,A,train
3EAB,A,train
3EAS,B,train
3EBA,B,train
3ECS,H,train
3EDP,A,train
3EEY,B,train
3EF2,B,train
3EFY,A,train
3EFZ,B,train
3EG5,B,train
3EGH,C,train
3EGR,A,train
3EGV,A,train
3EH4,B,train
3EJH,A,train
3EJO,A,train
3ELV,A,train
3EMJ,K,train
3EMO,C,train
3EN0,A,train
3ENT,A,train
3EO8,C,train
3EPY,A,train
3EPZ,A,train
3EQX,A,train
3ER6,F,train
3ERW,B,train
3ES5,A,train
3ESK,A,train
3EUH,B,train
3EUH,E,train
3EUK,E,train
3EUS,A,train
3EVY,B,train
3EZ0,A,train
3EZJ,C,train
3EZQ,C,train
3EZQ,D,train
3F0N,A,train
3F1I,H,train
3F1I,S,train
3F1P,A,train
3F1P,B,train
3F3S,A,train
3F4N,F,train
3F51,D,train
3F62,A,train
3F6O,A,train
3F7P,C,train
3F8F,A,train
3F8H,A,train
3F8U,B,train
3F8X,D,train
3F90,F,train
3FA4,G,train
3FA9,B,train
3FAU,B,train
3FBN,D,train
3FBZ,C,train
3FCG,A,train
3FD4,B,train
3FDS,A,train
3FDS,C,train
3FF8,D,train
3FFK,D,train
3FFU,B,train
3FG8,C,train
3FG9,E,train
3FGT,A,train
3FIL,B,train
3FJG,D,train
3FJS,C,train
3FJU,B,train
3FK9,A,train
3FKF,A,train
3FKH,B,train
3FLD,B,train
3FLO,F,train
3FLP,N,train
3FMA,C,train
3FMB,A,train
3FMT,A,train
3FN1,B,train
3FN2,A,train
3FOK,H,train
3FPU,A,train
3FPV,A,train
3FQ6,B,train
3FRW,B,train
3FRY,A,train
3FSH,A,train
3FUY,B,train
3FVM,B,train
3FWC,N,train
3FWE,B,train
3FWS,B,train
3FXA,A,train
3FXD,B,train
3FXT,B,train
3FY6,A,train
3FYB,A,train
3FYF,B,train
3G13,A,train
3G16,A,train
3G2E,B,train
3G2O,A,train
3G33,B,train
3G3B,A,train
3G3R,A,train
3G3Z,B,train
3G5W,E,train
3G67,A,train
3G7K,B,train
3G8L,A,train
3G9K,L,train
3G9W,A,train
3GAA,A,train
3GAG,D,train
3GAS,C,train
3GBU,D,train
3GC3,A,train
3GDH,A,train
3GFD,A,train
3GFK,A,train
3GFK,B,train
3GFU,A,train
3GGJ,A,train
3GIF,A,train
3GJB,B,train
3GJO,C,train
3GLC,A,train
3GNI,A,train
3GNI,B,train
3GNJ,C,train
3GOR,C,train
3GOX,A,train
3GPG,C,train
3GQH,A,train
3GQI,B,train
3GSD,K,train
3GTY,S,train
3GU3,B,train
3GUY,H,train
3GVI,A,train
3GWH,B,train
3GWL,A,train
3GWN,B,train
3GWR,B,train
3GXG,C,train
3GXW,D,train
3GXY,A,train
3GYD,B,train
3GZ1,A,train
3GZ8,B,train
3GZE,C,train
3GZR,A,train
3H05,B,train
3H11,A,train
3H2U,A,train
3H2U,B,train
3H35,C,train
3H3M,A,train
3H4S,E,train
3H6K,C,train
3H6S,E,train
3H87,A,train
3H87,D,train
3H8D,B,train
3H90,D,train
3HA4,A,train
3HB1,C,train
3HCG,A,train
3HCS,A,train
3HDJ,A,train
3HEF,B,train
3HF5,A,train
3HG9,B,train
3HH0,B,train
3HHH,B,train
3HHI,B,train
3HI2,A,train
3HI2,B,train
3HIE,C,train
3HIM,B,train
3HJ9,A,train
3HJP,D,train
3HJU,A,train
3HKL,B,train
3HL4,B,train
3HL6,B,train
3HL9,B,train
3HMX,AB,train
3HN6,B,train
3HO7,A,train
3HPK,A,train
3HQI,A,train
3HQR,A,train
3HR7,B,train
3HRQ,B,train
3HS3,A,train
3HSE,B,train
3HSH,F,train
3HT2,A,train
3HTA,A,train
3HTR,A,train
3HTU,C,train
3HUG,O,train
3HUG,P,train
3HWP,B,train
3HY2,Y,train
3HZ4,A,train
3HZO,A,train
3I2B,E,train
3I38,A,train
3I54,A,train
3I5V,A,train
3I6P,E,train
3I71,B,train
3I7U,C,train
3I9S,C,train
3I9V,E,train
3I9V,G,train
3IA0,I,train
3IA3,A,train
3IA8,B,train
3IAI,A,train
3IB6,B,train
3IBM,B,train
3IC3,C,train
3IC5,B,train
3IDF,A,train
3IEC,B,train
3IF4,D,train
3IF8,B,train
3IFQ,C,train
3IGM,B,train
3IIC,B,train
3IIF,A,train
3IJ6,D,train
3IJM,A,train
3IKK,A,train
3IMO,D,train
3IMQ,C,train
3IN6,A,train
3IOY,A,train
3IQ2,B,train
3IR1,C,train
3IRB,A,train
3ISA,D,train
3ISM,B,train
3IUW,B,train
3IVP,A,train
3IX7,A,train
3IX8,D,train
3IXE,A,train
3IXE,B,train
3IXS,A,train
3JRV,A,train
3JSJ,B,train
3JVC,A,train
3JX9,A,train
3JXO,B,train
3K0Z,B,train
3K1I,B,train
3K1I,C,train
3K1R,A,train
3K25,B,train
3K33,A,train
3K3C,B,train
3K4G,C,train
3K4W,D,train
3K4Y,A,train
3K53,A,train
3K67,A,train
3K6C,C,train
3K6E,B,train
3K6G,A,train
3K6Q,C,train
3K6T,C,train
3K75,B,train
3K75,D,train
3K8P,C,train
3KAE,B,train
3KAS,B,train
3KB4,D,train
3KBO,D,train
3KBT,A,train
3KBT,D,train
3KCP,A,train
3KCP,B,train
3KCV,I,train
3KDG,A,train
3KDQ,C,train
3KE2,A,train
3KG8,A,train
3KG9,A,train
3KH1,A,train
3KH2,E,train
3KH8,A,train
3KIH,B,train
3KIK,A,train
3KIN,D,train
3KJ0,A,train
3KK4,A,train
3KKD,C,train
3KLQ,A,train
3KLS,X,train
3KMH,B,train
3KML,G,train
3KMT,B,train
3KNW,A,train
3KOC,F,train
3KP1,H,train
3KS7,D,train
3KTC,B,train
3KTM,F,train
3KTS,E,train
3KU4,D,train
3KUC,B,train
3KVZ,A,train
3KW0,B,train
3KWV,F,train
3KXE,A,train
3KXE,C,train
3KXY,B,train
3KXY,T,train
3KY8,A,train
3KYG,B,train
3KYJ,A,train
3KYS,C,train
3KZ1,A,train
3KZH,A,train
3KZI,D,train
3KZI,E,train
3KZQ,A,train
3L09,B,train
3L0I,C,train
3L0R,A,train
3L0W,B,train
3L2H,A,train
3L34,G,train
3L6Y,A,train
3L7T,C,train
3L82,A,train
3L82,B,train
3L89,M,train
3L9F,C,train
3L9J,C,train
3L9K,C,train
3LA6,I,train
3LA7,A,train
3LAO,B,train
3LB6,A,train
3LB6,C,train
3LB8,C,train
3LBX,A,train
3LBX,B,train
3LD8,A,train
3LFK,A,train
3LFR,B,train
3LG2,B,train
3LGA,B,train
3LGS,C,train
3LH2,V,train
3LHX,A,train
3LIS,B,train
3LIZ,A,train
3LJL,A,train
3LK4,7,train
3LKU,F,train
3LLK,B,train
3LLM,B,train
3LMS,B,train
3LNL,B,train
3LNN,A,train
3LO3,O,train
3LOR,B,train
3LOT,D,train
3LP6,B,train
3LQ6,B,train
3LQV,B,train
3LR2,B,train
3LRJ,D,train
3LRQ,D,train
3LRU,A,train
3LSJ,A,train
3LTE,D,train
3LUB,I,train
3LVK,B,train
3LVY,C,train
3LW7,B,train
3LWF,B,train
3LYH,B,train
3LYQ,B,train
3LYV,C,train
3M0Z,D,train
3M1A,D,train
3M1C,B,train
3M1R,A,train
3M2V,F,train
3M3R,D,train
3M4W,A,train
3M5O,A,train
3M65,A,train
3M6N,B,train
3M85,B,train
3M8A,L,train
3M8E,A,train
3M8J,A,train
3M8N,D,train
3M92,B,train
3MAL,A,train
3MDO,A,train
3ME4,A,train
3MES,B,train
3MEX,A,train
3MF0,A,train
3MF1,A,train
3MGX,B,train
3MHF,D,train
3MHH,E,train
3MIL,A,train
3MJ7,A,train
3MJ7,B,train
3MJK,Y,train
3MJO,A,train
3MJQ,A,train
3MK7,B,train
3MK7,I,train
3MKQ,F,train
3MKR,B,train
3MLG,A,train
3MMY,F,train
3MOQ,C,train
3MPO,B,train
3MQ0,B,train
3MQH,A,train
3MQW,D,train
3MR7,A,train
3MTS,B,train
3MVP,A,train
3MXN,A,train
3MXN,B,train
3MZK,B,train
3MZO,B,train
3N06,A,train
3N06,B,train
3N10,B,train
3N2L,E,train
3N2S,C,train
3N40,F,train
3N4P,B,train
3N4S,B,train
3N50,F,train
3N7R,B,train
3N7R,C,train
3N9X,B,train
3NAP,B,train
3NAU,B,train
3NCT,D,train
3NDH,A,train
3NE2,A,train
3NEK,B,train
3NFC,E,train
3NFG,G,train
3NFG,H,train
3NGF,B,train
3NGZ,A,train
3NHV,B,train
3NI7,A,train
3NIC,C,train
3NJ2,B,train
3NJA,B,train
3NJC,A,train
3NJH,D,train
3NK3,A,train
3NKH,B,train
3NKZ,D,train
3NM7,A,train
3NMZ,C,train
3NN2,B,train
3NO7,A,train
3NOQ,B,train
3NPG,C,train
3NQN,A,train
3NQO,A,train
3NR1,B,train
3NRJ,A,train
3NRT,C,train
3NRV,D,train
3NS6,B,train
3NTE,A,train
3NUT,C,train
3NWS,D,train
3NXZ,D,train
3NYB,A,train
3NYB,B,train
3NYM,B,train
3O0L,A,train
3O0R,C,train
3O10,D,train
3O2I,B,train
3O34,A,train
3O5C,A,train
3O61,B,train
3O6B,A,train
3O6Q,A,train
3O7X,D,train
3O91,A,train
3OAK,A,train
3OCD,C,train
3OCD,D,train
3OED,C,train
3OEU,2,train
3OEU,M,train
3OGH,B,train
3OGI,C,train
3OGI,D,train
3OJI,B,train
3OKJ,D,train
3OL3,A,train
3OMT,A,train
3ON0,A,train
3ONA,A,train
3ONA,B,train
3ONL,A,train
3OPC,B,train
3OQ2,B,train
3OQP,B,train
3OR1,E,train
3OR3,A,train
3OSY,E,train
3OTE,A,train
3OUN,A,train
3OUN,B,train
3OUO,A,train
3OWT,A,train
3OYF,A,train
3OZB,A,train
3P01,B,train
3P0C,A,train
3P16,A,train
3P37,A,train
3P4G,B,train
3P52,B,train
3P71,T,train
3P83,B,train
3P83,F,train
3P8B,C,train
3P8B,D,train
3P8C,D,train
3P8C,E,train
3P8C,F,train
3P9T,A,train
3PB2,B,train
3PC8,A,train
3PC8,D,train
3PCC,P,train
3PCQ,C,train
3PCQ,D,train
3PCS,A,train
3PH0,A,train
3PH0,C,train
3PH1,A,train
3PHF,D,train
3PIM,B,train
3PJN,A,train
3PJS,N,train
3PJV,D,train
3PL0,A,train
3PNR,B,train
3PNW,U,train
3PPE,B,train
3PQK,B,train
3PQR,A,train
3PR7,B,train
3PRB,B,train
3PRP,A,train
3PRU,B,train
3PS4,B,train
3PUT,B,train
3PUV,G,train
3PV6,B,train
3PVR,A,train
3PVR,C,train
3PXX,E,train
3PYI,B,train
3Q0V,B,train
3Q0Y,C,train
3Q1P,A,train
3Q4H,A,train
3Q4H,B,train
3Q58,A,train
3Q6A,D,train
3Q6D,C,train
3Q7G,A,train
3Q7H,M,train
3Q87,A,train
3Q87,B,train
3Q9D,A,train
3Q9U,A,train
3Q9V,B,train
3QB2,B,train
3QBR,A,train
3QBU,A,train
3QC8,B,train
3QFM,A,train
3QGK,J,train
3QIS,A,train
3QIT,D,train
3QMW,B,train
3QNA,D,train
3QNI,A,train
3QNR,B,train
3QOE,A,train
3QP8,D,train
3QPB,F,train
3QQ2,B,train
3QQW,E,train
3QRF,G,train
3QTA,A,train
3QTH,A,train
3QU2,D,train
3QVI,B,train
3QWN,J,train
3QWU,A,train
3QYF,A,train
3QYQ,C,train
3R1F,B,train
3R1G,B,train
3R2J,D,train
3R3S,C,train
3R3W,A,train
3R45,A,train
3R45,B,train
3R4D,A,train
3R4D,B,train
3R4K,B,train
3R4Q,D,train
3R6A,B,train
3R84,K,train
3R84,L,train
3R8K,B,train
3R8Y,D,train
3RBB,A,train
3RBN,A,train
3RBQ,B,train
3RBX,B,train
3RDZ,C,train
3REP,A,train
3RF1,A,train
3RGB,G,train
3RGF,A,train
3RGF,B,train
3RGU,A,train
3RH7,E,train
3RHT,B,train
3RHU,B,train
3RJR,C,train
3RKO,K,train
3RLB,B,train
3RLQ,B,train
3RMU,C,train
3RPF,B,train
3RPF,C,train
3RPG,B,train
3RPG,C,train
3RRI,B,train
3RTY,G,train
3RV0,B,train
3RV2,A,train
3RVZ,A,train
3S19,A,train
3S1J,A,train
3S1M,H,train
3S2D,F,train
3S5R,A,train
3S6L,C,train
3S6N,E,train
3S6Z,B,train
3S7R,A,train
3S8V,X,train
3S97,A,train
3S97,C,train
3S9C,A,train
3SB1,B,train
3SC6,C,train
3SCH,A,train
3SDL,B,train
3SDL,C,train
3SF4,A,train
3SF5,C,train
3SF8,A,train
3SGB,E,train
3SGQ,I,train
3SIP,E,train
3SJA,J,train
3SJR,A,train
3SK2,B,train
3SL7,B,train
3SLG,C,train
3SM1,A,train
3SO5,B,train
3SPS,A,train
3SQD,A,train
3STB,C,train
3SVR,C,train
3SWC,B,train
3SXY,A,train
3SYN,A,train
3T1Q,C,train
3T2N,B,train
3T30,G,train
3T38,A,train
3T3A,A,train
3T3X,A,train
3T4N,A,train
3T6G,A,train
3T6G,B,train
3T6O,B,train
3T88,F,train
3T91,B,train
3TAC,B,train
3TDU,A,train
3TEO,J,train
3TG1,B,train
3TG9,B,train
3TGN,B,train
3THA,B,train
3THT,B,train
3TIX,A,train
3TKR,B,train
3TL3,A,train
3TL8,A,train
3TL8,B,train
3TLF,D,train
3TMK,F,train
3TND,B,train
3TND,E,train
3TNF,B,train
3TOS,I,train
3TOZ,H,train
3TPU,A,train
3TQY,A,train
3TS3,B,train
3TS8,C,train
3TSZ,A,train
3TU3,A,train
3TUZ,F,train
3TW8,C,train
3TXQ,D,train
3TY6,E,train
3U02,B,train
3U0H,A,train
3U1D,A,train
3U1J,B,train
3U1O,A,train
3U52,E,train
3U5Z,A,train
3U61,H,train
3UBX,A,train
3UC0,B,train
3UIN,D,train
3UKV,B,train
3UL4,B,train
3ULA,D,train
3ULQ,A,train
3ULQ,B,train
3UO3,A,train
3UYO,A,train
3UZ0,A,train
3UZ0,B,train
3UZP,A,train
3V3K,A,train
3V3K,B,train
3V6O,A,train
3V6Z,F,train
3VCB,A,train
3VEP,D,train
3VG8,F,train
3VG9,A,train
3VLB,B,train
3VYR,A,train
3W8I,B,train
3WA5,B,train
3WDG,B,train
3WKM,B,train
3WO3,A,train
3WO3,B,train
3WQB,B,train
3WWN,B,train
3ZET,A,train
3ZNZ,A,train
3ZQP,C,train
3ZRJ,A,train
3ZTG,B,train
3ZUP,B,train
3ZV0,B,train
3ZV0,D,train
3ZVK,G,train
3ZXQ,B,train
3ZYJ,B,train
3ZYL,A,train
3ZZV,A,train
4A94,D,train
4AEI,A,train
4AP2,B,train
4APX,A,train
4AQE,B,train
4AWX,B,train
4AYE,A,train
4B4S,A,train
4BD9,B,train
4BFI,A,train
4BFI,B,train
4BKX,A,train
4BPX,C,train
4BPX,D,train
4BQD,A,train
4C2A,A,train
4C4P,B,train
4C7N,B,train
4CAD,I,train
4CDK,A,train
4CDK,E,train
4CJ1,B,train
4CMM,B,train
4CNI,C,train
4CT0,B,train
4D0N,B,train
4DBG,A,train
4DBG,B,train
4DID,B,train
4DT1,A,train
4DT1,B,train
4DX8,A,train
4DX8,J,train
4EQA,A,train
4EQA,C,train
4ETW,A,train
4ETW,B,train
4EUK,A,train
4EUK,B,train
4EXP,A,train
4F0A,B,train
4F2M,F,train
4F37,A,train
4F38,B,train
4F48,A,train
4F48,B,train
4F9L,A,train
4FQ0,B,train
4FQ0,C,train
4FQJ,A,train
4G59,C,train
4G6U,A,train
4G6V,A,train
4G6V,B,train
4G80,T,train
4GAF,A,train
4GAM,AFBGCH,train
4GAM,D,train
4GEH,A,train
4GH7,A,train
4GH7,B,train
4GI3,C,train
4GN5,A,train
4H5S,B,train
4H88,A,train
4HC1,B,train
4HCP,A,train
4HEP,A,train
4HT1,T,train
4HX3,A,train
4HX3,BD,train
4I6L,A,train
4IC7,B,train
4IU3,A,train
4IU3,B,train
4IYP,A,train
4IZ7,B,train
4J32,A,train
4J32,B,train
4J4P,A,train
4JCV,E,train
4JEU,B,train
4JW3,A,train
4K1R,A,train
4K24,A,train
4K2U,B,train
4KDI,C,train
4KFZ,A,train
4KT3,A,train
4KVG,B,train
4LAD,B,train
4LLO,B,train
4LU5,A,train
4LU5,IM,train
4LW4,C,train
4M5F,A,train
4M6B,A,train
4MI8,A,train
4MJS,A,train
4MJS,B,train
4ML7,B,train
4MQV,A,train
4MRT,A,train
4MRT,C,train
4MWF,C,train
4N7Z,A,train
4NIQ,A,train
4NL9,A,train
4NM3,A,train
4NOO,A,train
4NOO,B,train
4NP4,A,train
4NQW,B,train
4NZL,B,train
4NZR,M,train
4OFY,A,train
4OII,A,train
4OKV,E,train
4ONS,A,train
4ONS,B,train
4OVN,F,train
4OYD,B,train
4P3Y,B,train
4PBW,B,train
4PJ2,A,train
4PJ2,D,train
4PLJ,B,train
4PLO,B,train
4PW9,A,train
4PW9,B,train
4PZ6,A,train
4Q6I,J,train
4Q96,D,train
4QLP,A,train
4QLP,B,train
4QRP,L,train
4QT8,C,train
4QXA,B,train
4RDQ,E,train
4REY,A,train
4RS1,B,train
4RWS,C,train
4RWT,D,train
4S0S,A,train
4TQ1,A,train
4U0Q,B,train
4U1G,A,train
4U2X,A,train
4U4C,B,train
4UEM,A,train
4UEM,B,train
4UF1,A,train
4UI1,D,train
4UYQ,B,train
4V2C,A,train
4V2C,B,train
4W6Y,A,train
4WFF,A,train
4X33,A,train
4XAK,A,train
4XHU,D,train
4XL1,A,train
4XLW,B,train
4XOI,B,train
4XWJ,A,train
4XXB,A,train
4Y5O,A,train
4Y5O,B,train
4YH7,B,train
4YN0,A,train
4YPI,C,train
4YVQ,A,train
4YVQ,C,train
4YWC,A,train
4YYP,A,train
4ZGQ,A,train
4ZGY,B,train
4ZI2,C,train
4ZII,A,train
4ZLT,B,train
4ZQU,B,train
4ZRJ,B,train
4ZRP,C,train
4ZSO,E,train
5ABV,B,train
5AJJ,A,train
5AYS,A,train
5B64,A,train
5B64,B,train
5B76,A,train
5BNQ,A,train
5C8J,I,train
5CTR,A,train
5CTR,C,train
5CZF,D,train
5CZX,A,train
5D1L,B,train
5D1Q,E,train
5D1Z,I,train
5D8J,A,train
5D93,A,train
5DCQ,F,train
5DFW,A,train
5DHV,N,train
5DJT,B,train
5DJU,A,train
5DOB,A,train
5DOB,B,train
5E8E,BA,train
5E94,G,train
5EB1,A,train
5EB1,B,train
5EE5,A,train
5EO9,B,train
5ESV,E,train
5ET1,A,train
5F3X,B,train
5F4E,A,train
5F4E,B,train
5F5S,A,train
5F5S,B,train
5FB8,C,train
5FZT,A,train
5GPG,B,train
5H35,E,train
5HBT,B,train
5HDQ,A,train
5HPY,A,train
5IKC,M,train
5IMT,D,train
5IP4,E,train
5IUS,A,train
5IUS,C,train
5J13,A,train
5J4A,A,train
5J4A,B,train
5JLV,C,train
5JQ6,A,train
5K59,A,train
5KTE,A,train
5LSP,P,train
5LWY,A,train
5LXQ,A,train
5MO9,X,train
5SY8,O,train
5SZJ,B,train
5TAR,A,train
5TAR,B,train
5TUD,A,train
5VEB,X,train
5W2B,A,train
5XBM,C,train
5YOY,C,train
6BPE,D,train
6CK9,B,train
6CYF,Q,train
6ELU,D,train
